last_name,first_name,middle_name,organization,work_phone_number,personal_phone_number
Слава,Васильев,Викторович,Organization-78,+7-787-377-8508,+7-943-354-6432
Саня,Андреев,Евгеньевич,Organization-77,+7-895-616-7216,+7-116-550-7273
Андрей,Павлов,Анатольевич,Organization-21,+7-337-455-5787,+7-977-130-3136
Кирилл,Кузнецов,Егорович,Organization-37,+7-272-318-3449,+7-792-278-2117
Боря,Антонов,Егорович,Organization-72,+7-105-815-2564,+7-941-969-2164
Лёха,Кузнецов,Данилович,Organization-7,+7-137-662-7216,+7-326-597-2810
Вова,Егоров,Витальевич,Organization-22,+7-960-649-8486,+7-104-391-1681
Витя,Андреев,Витальевич,Organization-54,+7-735-315-6151,+7-637-983-7823
Саня,Павлов,Владимирович,Organization-55,+7-771-260-2324,+7-426-487-7139
Вася,Смирнов,Викторович,Organization-89,+7-118-896-4775,+7-407-347-3595
Андрей,Михайлов,Егорович,Organization-84,+7-686-368-9747,+7-822-169-1199
Андрей,Смирнов,Егорович,Organization-38,+7-250-766-6317,+7-977-511-8006
Денис,Андреев,Ефимович,Organization-95,+7-852-526-7847,+7-142-962-3582
Слава,Смирнов,Александрович,Organization-95,+7-564-827-1632,+7-469-893-2709
Саня,Смирнов,Владимирович,Organization-68,+7-849-554-8618,+7-420-230-2361
Вова,Иванов,Егорович,Organization-10,+7-295-254-6237,+7-782-761-8552
Вова,Егоров,Егорович,Organization-70,+7-230-481-8478,+7-706-221-1882
Боря,Андреев,Владимирович,Organization-98,+7-441-782-2473,+7-508-550-2674
Андрей,Васильев,Ефимович,Organization-28,+7-737-288-9888,+7-968-362-6221
Витя,Андреев,Ефимович,Organization-92,+7-973-153-6516,+7-179-652-6365
Андрей,Антонов,Данилович,Organization-5,+7-721-840-9072,+7-336-694-1649
Дима,Иванов,Анатольевич,Organization-50,+7-170-453-4664,+7-124-974-2164
Ваня,Антонов,Викторович,Organization-19,+7-993-422-2867,+7-831-401-1413
Вова,Иванов,Викторович,Organization-75,+7-615-370-8196,+7-463-370-1580
Вася,Васильев,Егорович,Organization-69,+7-586-819-2265,+7-960-647-3111
Витя,Михайлов,Данилович,Organization-3,+7-164-469-4090,+7-287-706-4587
Ваня,Антонов,Витальевич,Organization-88,+7-366-847-9579,+7-817-148-8221
Стас,Иванов,Егорович,Organization-24,+7-542-624-4035,+7-606-133-7695
Стас,Павлов,Иванович,Organization-99,+7-811-549-9573,+7-765-997-7389
Ваня,Антонов,Данилович,Organization-22,+7-775-178-9371,+7-271-605-5093
Андрей,Антонов,Евгеньевич,Organization-14,+7-609-190-5653,+7-988-139-3631
Андрей,Васильев,Владимирович,Organization-30,+7-889-747-3839,+7-129-671-5255
Андрей,Кузнецов,Данилович,Organization-90,+7-236-280-4122,+7-891-157-2703
Кирилл,Павлов,Владимирович,Organization-10,+7-210-509-6655,+7-165-934-6469
Лёха,Кузнецов,Евгеньевич,Organization-17,+7-753-871-7659,+7-998-865-5687
Стас,Иванов,Евгеньевич,Organization-5,+7-170-961-4067,+7-317-710-7504
Боря,Павлов,Ефимович,Organization-28,+7-109-551-5114,+7-895-849-2083
Стас,Антонов,Егорович,Organization-57,+7-940-948-4545,+7-393-462-4213
Серёга,Смирнов,Данилович,Organization-13,+7-791-836-2253,+7-428-401-2145
Боря,Антонов,Владимирович,Organization-39,+7-284-147-8550,+7-188-111-5460
Стас,Михайлов,Ефимович,Organization-42,+7-907-172-6358,+7-797-629-2950
Серёга,Андреев,Егорович,Organization-91,+7-766-155-2095,+7-944-163-5701
Кирилл,Иванов,Евгеньевич,Organization-72,+7-264-591-9601,+7-213-943-4896
Лёха,Александров,Анатольевич,Organization-73,+7-794-127-1405,+7-230-211-7457
Вася,Павлов,Егорович,Organization-88,+7-271-201-1139,+7-394-739-6713
Слава,Александров,Викторович,Organization-100,+7-159-296-3905,+7-322-415-8944
Серёга,Кузнецов,Владимирович,Organization-61,+7-328-522-4698,+7-915-196-3965
Слава,Смирнов,Евгеньевич,Organization-3,+7-550-955-9983,+7-728-836-6047
Андрей,Петров,Александрович,Organization-1,+7-914-852-8201,+7-356-196-7378
Саня,Кузнецов,Егорович,Organization-12,+7-181-509-2194,+7-752-543-3587
Слава,Александров,Владимирович,Organization-11,+7-381-647-6026,+7-547-794-3819
Олег,Егоров,Ефимович,Organization-42,+7-265-872-1471,+7-296-347-3801
Стас,Егоров,Евгеньевич,Organization-6,+7-819-458-7266,+7-688-153-7308
Боря,Александров,Витальевич,Organization-88,+7-976-566-2672,+7-861-348-4789
Боря,Андреев,Данилович,Organization-10,+7-207-770-5057,+7-614-252-3724
Денис,Петров,Евгеньевич,Organization-58,+7-582-401-5122,+7-235-567-8246
Боря,Иванов,Евгеньевич,Organization-42,+7-459-743-6915,+7-108-617-2922
Боря,Михайлов,Данилович,Organization-81,+7-605-740-8518,+7-667-859-7087
Ваня,Васильев,Александрович,Organization-23,+7-217-750-5702,+7-685-603-8357
Стас,Смирнов,Евгеньевич,Organization-34,+7-259-553-4657,+7-379-989-9356
Витя,Павлов,Викторович,Organization-35,+7-844-860-3965,+7-196-743-5921
Саня,Егоров,Владимирович,Organization-17,+7-466-891-8392,+7-176-461-2003
Вова,Кузнецов,Александрович,Organization-21,+7-631-812-8196,+7-540-972-2509
Андрей,Павлов,Викторович,Organization-52,+7-134-283-1368,+7-791-977-5238
Денис,Петров,Евгеньевич,Organization-41,+7-335-820-8655,+7-480-898-2448
Дима,Иванов,Ефимович,Organization-96,+7-357-734-8010,+7-466-626-8255
Денис,Иванов,Витальевич,Organization-6,+7-585-586-9686,+7-101-640-3271
Слава,Антонов,Евгеньевич,Organization-21,+7-180-136-3901,+7-968-558-2697
Денис,Михайлов,Иванович,Organization-8,+7-247-131-3731,+7-497-450-1210
Ваня,Кузнецов,Анатольевич,Organization-81,+7-390-510-5910,+7-560-728-5270
Серёга,Антонов,Витальевич,Organization-48,+7-825-140-7770,+7-337-218-3981
Ваня,Антонов,Александрович,Organization-58,+7-312-877-2522,+7-573-145-3318
Дима,Кузнецов,Витальевич,Organization-25,+7-120-371-2758,+7-462-184-5547
Кирилл,Михайлов,Евгеньевич,Organization-89,+7-782-991-3941,+7-431-653-8415
Вова,Васильев,Александрович,Organization-66,+7-249-655-3959,+7-522-322-9351
Олег,Петров,Витальевич,Organization-19,+7-560-169-4861,+7-363-333-2352
Олег,Васильев,Анатольевич,Organization-84,+7-900-753-3973,+7-878-554-4146
Витя,Александров,Александрович,Organization-20,+7-227-977-8403,+7-885-396-5371
Дима,Петров,Евгеньевич,Organization-60,+7-279-246-1796,+7-195-579-1928
Андрей,Антонов,Анатольевич,Organization-85,+7-253-912-9929,+7-943-944-1168
Стас,Михайлов,Евгеньевич,Organization-32,+7-467-608-3177,+7-113-234-1032
Стас,Павлов,Викторович,Organization-97,+7-262-869-2472,+7-981-684-2066
Стас,Павлов,Данилович,Organization-97,+7-834-837-4316,+7-242-632-4130
Боря,Михайлов,Викторович,Organization-35,+7-455-403-5611,+7-354-999-1804
Олег,Михайлов,Викторович,Organization-13,+7-297-862-7838,+7-495-903-8049
Вова,Михайлов,Александрович,Organization-77,+7-497-410-2079,+7-837-330-8048
Слава,Смирнов,Викторович,Organization-90,+7-799-221-5712,+7-971-839-1473
Вася,Егоров,Викторович,Organization-20,+7-390-494-5616,+7-182-603-3129
Олег,Васильев,Витальевич,Organization-61,+7-664-382-4232,+7-962-201-1018
Боря,Иванов,Данилович,Organization-41,+7-330-338-7972,+7-802-583-5047
Дима,Михайлов,Иванович,Organization-85,+7-754-933-1475,+7-876-498-6767
Андрей,Васильев,Александрович,Organization-1,+7-131-719-2982,+7-464-980-9561
Денис,Антонов,Витальевич,Organization-95,+7-512-378-9306,+7-984-242-1847
Вася,Кузнецов,Анатольевич,Organization-92,+7-215-985-6939,+7-977-416-7598
Андрей,Смирнов,Викторович,Organization-66,+7-277-309-5670,+7-967-555-5717
Олег,Смирнов,Владимирович,Organization-6,+7-701-999-7159,+7-687-143-7952
Вася,Иванов,Егорович,Organization-87,+7-315-990-9166,+7-920-463-7484
Лёха,Петров,Евгеньевич,Organization-48,+7-567-881-3704,+7-749-558-1115
Серёга,Васильев,Владимирович,Organization-18,+7-831-601-2884,+7-774-408-4365
Кирилл,Смирнов,Анатольевич,Organization-91,+7-730-243-6921,+7-136-862-1603
qweasd,123,,,,333
